created_time,message,likes,location
2021-11-26 12:36:16,1,2,Unknown
2021-12-08 09:44:50,这是个悖论啊,1,Unknown
2022-05-14 12:35:44,烧鸟店........身体某个部位隐隐作痛。。。,1,Unknown
2021-12-07 11:56:19,2,0,Unknown
2024-04-27 23:20:20,红猩猩：吃，再吃，打滚你[呲牙][呲牙][呲牙],0,IP属地：安徽
2022-03-30 23:06:48,狒狒，也吃肉！,0,Unknown
2022-03-25 22:45:46,@淮海路小马莉,0,Unknown
2021-11-26 12:36:16,1,2,Unknown
2021-12-08 09:44:50,这是个悖论啊,1,Unknown
2022-05-14 12:35:44,烧鸟店........身体某个部位隐隐作痛。。。,1,Unknown
2021-12-07 11:56:19,2,0,Unknown
2024-04-27 23:20:20,红猩猩：吃，再吃，打滚你[呲牙][呲牙][呲牙],0,IP属地：安徽
2022-03-30 23:06:48,狒狒，也吃肉！,0,Unknown
2022-03-25 22:45:46,@淮海路小马莉,0,Unknown
